ItemID,ItemName,Category,Quantity,PricePerUnit,TotalSales
1001,Cheese,Fruits,15,1.64,24.599999999999998
1002,Milk,Bakery,98,7.02,687.9599999999999
1003,Butter,Meat,44,15.81,695.64
1004,Bread,Meat,49,14.3,700.7
1005,Cheese,Bakery,75,15.88,1191.0
1006,Beef,Meat,61,10.59,645.99
1007,Orange,Meat,67,9.08,608.36
1008,Cheese,Meat,6,3.38,20.28
1009,Butter,Meat,9,6.9,62.1
1010,Bread,Meat,6,8.96,53.760000000000005
1011,Milk,Fruits,73,2.23,162.79
1012,Butter,Meat,95,4.8,456.0
1013,Butter,Fruits,32,12.17,389.44
1014,Orange,Meat,41,14.85,608.85
1015,Eggs,Bakery,76,19.97,1517.7199999999998
1016,Bread,Dairy,8,18.7,149.6
1017,Banana,Fruits,72,13.03,938.16
1018,Butter,Meat,50,8.71,435.50000000000006
1019,Eggs,Bakery,92,12.91,1187.72
1020,Banana,Dairy,62,15.82,980.84
1021,Bread,Fruits,84,2.81,236.04
1022,Apple,Dairy,62,8.49,526.38
1023,Beef,Bakery,7,16.88,118.16
1024,Eggs,Fruits,75,7.98,598.5
1025,Chicken,Dairy,84,11.65,978.6
1026,Apple,Meat,80,11.96,956.8000000000001
1027,Beef,Fruits,4,4.1,16.4
1028,Orange,Dairy,6,7.56,45.36
1029,Cheese,Bakery,58,7.02,407.15999999999997
1030,Milk,Bakery,22,1.01,22.22
1031,Chicken,Fruits,26,0.97,25.22
1032,Orange,Dairy,3,16.72,50.16
1033,Bread,Fruits,41,5.82,238.62
1034,Orange,Fruits,60,10.6,636.0
1035,Cheese,Dairy,14,6.33,88.62
1036,Bread,Dairy,75,18.84,1413.0
1037,Chicken,Meat,82,5.56,455.91999999999996
1038,Cheese,Dairy,12,8.88,106.56
1039,Banana,Bakery,87,17.52,1524.24
1040,Milk,Fruits,12,16.92,203.04000000000002
1041,Chicken,Fruits,13,4.13,53.69
1042,Banana,Bakery,25,16.15,403.74999999999994
1043,Beef,Dairy,45,9.43,424.34999999999997
1044,Chicken,Bakery,19,9.92,188.48
1045,Beef,Bakery,55,3.1,170.5
1046,Bread,Meat,45,2.07,93.14999999999999
1047,Banana,Bakery,8,14.69,117.52
1048,Milk,Fruits,93,10.18,946.74
1049,Cheese,Bakery,53,9.02,478.06
1050,Butter,Fruits,55,14.73,810.15
1051,Orange,Fruits,32,15.43,493.76
1052,Apple,Fruits,51,3.6,183.6
1053,Milk,Dairy,44,12.4,545.6
1054,Banana,Meat,82,3.14,257.48
1055,Butter,Fruits,70,15.15,1060.5
1056,Milk,Fruits,18,13.31,239.58
1057,Banana,Dairy,83,19.15,1589.4499999999998
1058,Eggs,Fruits,22,1.84,40.480000000000004
1059,Eggs,Bakery,37,1.61,59.57
1060,Beef,Bakery,96,6.0,576.0
1061,Milk,Meat,56,5.6,313.59999999999997
1062,Eggs,Fruits,59,5.32,313.88
1063,Banana,Dairy,3,18.17,54.510000000000005
1064,Beef,Bakery,28,5.37,150.36
1065,Banana,Dairy,74,5.8,429.2
1066,Beef,Dairy,35,15.31,535.85
1067,Milk,Bakery,61,9.27,565.47
1068,Butter,Dairy,93,15.65,1455.45
1069,Cheese,Bakery,54,1.77,95.58
1070,Chicken,Dairy,63,10.01,630.63
1071,Butter,Bakery,79,1.16,91.64
1072,Bread,Fruits,97,1.72,166.84
1073,Banana,Meat,7,18.18,127.25999999999999
1074,Bread,Bakery,76,3.22,244.72000000000003
1075,Butter,Bakery,49,10.88,533.12
1076,Beef,Meat,94,8.52,800.88
1077,Chicken,Bakery,85,7.27,617.9499999999999
1078,Chicken,Bakery,31,18.05,559.5500000000001
1079,Apple,Dairy,58,0.93,53.940000000000005
1080,Chicken,Meat,61,13.44,819.8399999999999
1081,Cheese,Fruits,24,19.29,462.96
1082,Chicken,Bakery,20,11.42,228.4
1083,Butter,Meat,37,18.77,694.49
1084,Apple,Dairy,4,1.52,6.08
1085,Butter,Fruits,92,8.67,797.64
1086,Butter,Meat,20,5.57,111.4
1087,Orange,Fruits,60,14.75,885.0
1088,Apple,Fruits,24,19.64,471.36
1089,Butter,Fruits,50,5.5,275.0
1090,Orange,Bakery,49,13.26,649.74
1091,Orange,Bakery,51,4.36,222.36
1092,Apple,Dairy,96,11.52,1105.92
1093,Bread,Dairy,36,9.55,343.8
1094,Beef,Meat,98,19.45,1906.1
1095,Cheese,Dairy,66,12.37,816.42
1096,Beef,Fruits,79,7.32,578.28
1097,Chicken,Fruits,34,2.72,92.48
1098,Cheese,Bakery,36,3.45,124.2
1099,Chicken,Fruits,6,4.89,29.339999999999996
1100,Butter,Meat,39,5.39,210.20999999999998
1101,Banana,Fruits,42,17.09,717.78
1102,Apple,Fruits,58,11.44,663.52
1103,Cheese,Meat,12,10.71,128.52
1104,Cheese,Dairy,3,2.74,8.22
1105,Butter,Dairy,18,17.27,310.86
1106,Bread,Meat,40,14.59,583.6
1107,Orange,Bakery,21,1.82,38.22
1108,Butter,Fruits,15,14.3,214.5
1109,Eggs,Meat,97,11.1,1076.7
1110,Orange,Fruits,99,2.09,206.91
1111,Apple,Bakery,26,9.44,245.44
1112,Orange,Fruits,8,9.95,79.6
1113,Bread,Meat,94,3.73,350.62
1114,Orange,Fruits,87,18.94,1647.7800000000002
1115,Apple,Dairy,42,17.07,716.94
1116,Bread,Bakery,44,13.55,596.2
1117,Beef,Bakery,14,9.51,133.14
1118,Cheese,Bakery,78,8.53,665.3399999999999
1119,Cheese,Meat,2,13.19,26.38
1120,Chicken,Bakery,37,11.14,412.18
1121,Beef,Dairy,69,1.71,117.99
1122,Beef,Meat,38,10.49,398.62
1123,Orange,Dairy,41,16.22,665.02
1124,Cheese,Fruits,62,9.46,586.5200000000001
1125,Apple,Fruits,60,1.51,90.6
1126,Milk,Fruits,14,15.83,221.62
1127,Milk,Fruits,89,4.43,394.27
1128,Bread,Dairy,84,5.54,465.36
1129,Cheese,Meat,2,3.71,7.42
1130,Cheese,Meat,70,6.94,485.8
1131,Milk,Bakery,17,15.26,259.42
1132,Cheese,Dairy,89,10.63,946.07
1133,Orange,Fruits,28,4.5,126.0
1134,Eggs,Dairy,66,17.62,1162.92
1135,Banana,Bakery,35,17.65,617.75
1136,Beef,Bakery,5,17.48,87.4
1137,Chicken,Dairy,65,5.16,335.40000000000003
1138,Bread,Dairy,40,9.3,372.0
1139,Eggs,Dairy,76,19.71,1497.96
1140,Milk,Meat,56,15.55,870.8000000000001
1141,Beef,Fruits,36,1.03,37.08
1142,Cheese,Dairy,45,1.77,79.65
1143,Chicken,Dairy,23,9.55,219.65
1144,Cheese,Dairy,47,18.23,856.8100000000001
1145,Apple,Bakery,31,11.0,341.0
1146,Apple,Bakery,11,10.21,112.31
1147,Chicken,Meat,10,2.56,25.6
1148,Chicken,Fruits,67,13.31,891.77
1149,Milk,Meat,14,16.53,231.42000000000002
1150,Chicken,Fruits,80,7.92,633.6
1151,Orange,Bakery,74,15.62,1155.8799999999999
1152,Cheese,Bakery,93,19.31,1795.83
1153,Eggs,Bakery,10,4.47,44.699999999999996
1154,Butter,Meat,76,10.7,813.1999999999999
1155,Chicken,Dairy,94,6.1,573.4
1156,Bread,Dairy,1,15.96,15.96
1157,Apple,Bakery,5,11.76,58.8
1158,Orange,Dairy,20,12.87,257.4
1159,Beef,Dairy,8,16.06,128.48
1160,Butter,Meat,43,8.22,353.46000000000004
1161,Eggs,Fruits,76,18.34,1393.84
1162,Butter,Bakery,1,10.89,10.89
1163,Chicken,Bakery,57,3.58,204.06
1164,Milk,Meat,64,14.07,900.48
1165,Apple,Meat,84,15.97,1341.48
1166,Apple,Dairy,28,6.68,187.04
1167,Beef,Bakery,37,17.21,636.77
1168,Milk,Fruits,47,18.17,853.9900000000001
1169,Cheese,Meat,76,5.9,448.40000000000003
1170,Banana,Fruits,37,19.68,728.16
1171,Orange,Fruits,49,3.24,158.76000000000002
1172,Apple,Bakery,44,4.44,195.36
1173,Bread,Bakery,56,4.09,229.04
1174,Apple,Meat,28,17.93,502.03999999999996
1175,Butter,Bakery,79,13.26,1047.54
1176,Apple,Bakery,6,3.47,20.82
1177,Apple,Bakery,61,9.09,554.49
1178,Banana,Fruits,20,12.5,250.0
1179,Banana,Meat,78,2.13,166.14
1180,Eggs,Dairy,2,17.71,35.42
1181,Cheese,Fruits,73,16.17,1180.41
1182,Bread,Bakery,37,10.35,382.95
1183,Apple,Fruits,20,19.36,387.2
1184,Apple,Bakery,26,8.65,224.9
1185,Orange,Bakery,29,19.69,571.01
1186,Banana,Fruits,1,13.52,13.52
1187,Bread,Meat,35,12.88,450.8
1188,Beef,Bakery,70,3.74,261.8
1189,Eggs,Meat,59,17.7,1044.3
1190,Cheese,Dairy,69,8.84,609.96
1191,Milk,Bakery,33,3.66,120.78
1192,Cheese,Meat,51,0.75,38.25
1193,Butter,Meat,78,11.42,890.76
1194,Apple,Dairy,12,10.78,129.35999999999999
1195,Eggs,Meat,20,14.53,290.59999999999997
1196,Butter,Meat,53,17.86,946.5799999999999
1197,Bread,Dairy,88,2.05,180.39999999999998
1198,Milk,Bakery,43,14.76,634.68
1199,Banana,Meat,98,4.15,406.70000000000005
1200,Eggs,Meat,89,17.23,1533.47
1201,Eggs,Meat,50,16.47,823.5
1202,Apple,Fruits,29,11.05,320.45000000000005
1203,Chicken,Dairy,57,14.35,817.9499999999999
1204,Eggs,Fruits,39,6.63,258.57
1205,Orange,Dairy,95,9.69,920.55
1206,Milk,Bakery,56,16.52,925.12
1207,Milk,Bakery,43,9.46,406.78000000000003
1208,Orange,Meat,50,7.48,374.0
1209,Beef,Dairy,23,10.14,233.22000000000003
1210,Orange,Bakery,44,16.65,732.5999999999999
1211,Orange,Dairy,38,7.04,267.52
1212,Milk,Bakery,84,3.89,326.76
1213,Cheese,Fruits,23,14.38,330.74
1214,Milk,Bakery,45,16.61,747.4499999999999
1215,Chicken,Fruits,52,2.46,127.92
1216,Apple,Bakery,80,5.18,414.4
1217,Butter,Meat,50,3.27,163.5
1218,Cheese,Fruits,8,7.28,58.24
1219,Banana,Bakery,85,9.28,788.8
1220,Butter,Meat,1,15.1,15.1
1221,Apple,Fruits,8,13.2,105.6
1222,Chicken,Meat,29,12.61,365.69
1223,Chicken,Dairy,96,7.37,707.52
1224,Banana,Dairy,5,16.91,84.55
1225,Cheese,Fruits,86,9.69,833.3399999999999
1226,Beef,Bakery,47,19.59,920.73
1227,Orange,Fruits,34,12.87,437.58
1228,Cheese,Meat,65,2.96,192.4
1229,Beef,Bakery,55,13.69,752.9499999999999
1230,Chicken,Dairy,90,6.84,615.6
1231,Milk,Bakery,43,13.88,596.84
1232,Apple,Dairy,74,1.86,137.64000000000001
1233,Banana,Bakery,30,3.91,117.30000000000001
1234,Apple,Bakery,82,17.19,1409.5800000000002
1235,Bread,Bakery,17,4.93,83.81
1236,Bread,Meat,26,16.82,437.32
1237,Cheese,Meat,8,5.95,47.6
1238,Chicken,Fruits,47,13.04,612.88
1239,Chicken,Fruits,76,14.04,1067.04
1240,Orange,Dairy,91,10.5,955.5
1241,Orange,Meat,72,6.45,464.40000000000003
1242,Orange,Dairy,89,4.65,413.85
1243,Milk,Fruits,46,1.15,52.9
1244,Butter,Dairy,68,6.43,437.24
1245,Eggs,Fruits,33,13.24,436.92
1246,Butter,Meat,1,18.8,18.8
1247,Apple,Bakery,19,17.49,332.30999999999995
1248,Butter,Meat,31,15.44,478.64
1249,Milk,Dairy,80,15.87,1269.6
1250,Apple,Dairy,14,13.47,188.58
1251,Butter,Meat,53,5.58,295.74
1252,Milk,Meat,48,18.19,873.1200000000001
1253,Eggs,Fruits,69,13.58,937.02
1254,Butter,Dairy,90,11.43,1028.7
1255,Milk,Dairy,62,2.66,164.92000000000002
1256,Orange,Meat,92,9.22,848.24
1257,Chicken,Bakery,66,9.48,625.6800000000001
1258,Orange,Dairy,64,17.36,1111.04
1259,Chicken,Bakery,70,11.16,781.2
1260,Banana,Meat,63,7.92,498.96
1261,Banana,Meat,73,19.55,1427.15
1262,Banana,Fruits,33,2.66,87.78
1263,Eggs,Dairy,41,8.74,358.34000000000003
1264,Orange,Bakery,89,1.32,117.48
1265,Chicken,Fruits,48,14.93,716.64
1266,Milk,Dairy,13,18.4,239.2
1267,Apple,Fruits,73,5.96,435.08
1268,Milk,Meat,77,17.24,1327.4799999999998
1269,Apple,Dairy,31,6.2,192.20000000000002
1270,Bread,Fruits,75,18.26,1369.5000000000002
1271,Milk,Fruits,68,15.2,1033.6
1272,Butter,Bakery,98,16.2,1587.6
1273,Butter,Fruits,4,0.85,3.4
1274,Cheese,Dairy,19,19.27,366.13
1275,Orange,Dairy,70,14.67,1026.9
1276,Apple,Bakery,98,6.44,631.12
1277,Apple,Dairy,82,16.67,1366.94
1278,Orange,Meat,13,5.99,77.87
1279,Eggs,Dairy,23,17.52,402.96
1280,Cheese,Dairy,83,2.7,224.10000000000002
1281,Eggs,Fruits,75,14.22,1066.5
1282,Eggs,Fruits,1,11.04,11.04
1283,Eggs,Dairy,88,2.38,209.44
1284,Orange,Bakery,54,5.22,281.88
1285,Eggs,Fruits,71,0.74,52.54
1286,Butter,Bakery,89,9.64,857.96
1287,Banana,Dairy,85,6.37,541.45
1288,Bread,Dairy,15,12.17,182.55
1289,Apple,Meat,65,6.3,409.5
1290,Apple,Fruits,76,6.35,482.59999999999997
1291,Bread,Dairy,71,14.99,1064.29
1292,Orange,Meat,15,1.44,21.599999999999998
1293,Milk,Fruits,21,18.11,380.31
1294,Orange,Dairy,19,17.12,325.28000000000003
1295,Apple,Dairy,60,13.52,811.1999999999999
1296,Apple,Fruits,93,12.07,1122.51
1297,Bread,Fruits,89,17.9,1593.1
1298,Eggs,Fruits,33,4.11,135.63000000000002
1299,Orange,Dairy,49,2.04,99.96000000000001
1300,Chicken,Dairy,96,5.17,496.32
1301,Bread,Meat,35,15.99,559.65
1302,Butter,Bakery,44,1.18,51.919999999999995
1303,Apple,Fruits,90,11.86,1067.3999999999999
1304,Bread,Dairy,11,19.91,219.01
1305,Orange,Dairy,99,17.19,1701.8100000000002
1306,Apple,Fruits,72,10.67,768.24
1307,Milk,Bakery,78,1.74,135.72
1308,Bread,Fruits,74,16.71,1236.54
1309,Cheese,Bakery,66,12.18,803.88
1310,Apple,Dairy,46,2.74,126.04
1311,Orange,Bakery,9,2.33,20.97
1312,Banana,Meat,3,18.24,54.72
1313,Chicken,Dairy,85,13.55,1151.75
1314,Beef,Meat,26,16.67,433.4200000000001
1315,Eggs,Fruits,72,17.64,1270.08
1316,Beef,Fruits,48,11.65,559.2
1317,Orange,Fruits,66,10.59,698.9399999999999
1318,Butter,Bakery,70,8.89,622.3000000000001
1319,Butter,Dairy,28,6.68,187.04
1320,Banana,Fruits,93,8.97,834.21
1321,Eggs,Fruits,26,15.59,405.34
1322,Cheese,Dairy,25,12.24,306.0
1323,Banana,Fruits,12,17.9,214.79999999999998
1324,Beef,Meat,5,9.15,45.75
1325,Banana,Dairy,98,12.34,1209.32
1326,Beef,Dairy,48,12.81,614.88
1327,Apple,Dairy,37,12.04,445.47999999999996
1328,Butter,Meat,79,14.2,1121.8
1329,Apple,Dairy,44,5.13,225.72
1330,Chicken,Meat,15,10.49,157.35
1331,Eggs,Dairy,43,2.53,108.78999999999999
1332,Cheese,Bakery,48,8.0,384.0
1333,Beef,Fruits,87,10.01,870.87
1334,Cheese,Bakery,70,13.22,925.4000000000001
1335,Beef,Fruits,46,19.04,875.8399999999999
1336,Orange,Meat,43,12.21,525.0300000000001
1337,Banana,Bakery,21,15.0,315.0
1338,Chicken,Dairy,23,10.37,238.51
1339,Butter,Fruits,80,12.87,1029.6
1340,Beef,Fruits,47,1.88,88.36
1341,Cheese,Bakery,15,5.46,81.9
1342,Chicken,Meat,25,7.56,189.0
1343,Milk,Bakery,36,9.71,349.56000000000006
1344,Milk,Meat,75,1.39,104.24999999999999
1345,Apple,Meat,51,3.23,164.73
1346,Butter,Fruits,15,5.9,88.5
1347,Orange,Bakery,68,19.44,1321.92
1348,Cheese,Bakery,21,6.96,146.16
1349,Banana,Meat,13,9.9,128.70000000000002
1350,Banana,Bakery,86,4.32,371.52000000000004
1351,Cheese,Dairy,19,12.41,235.79
1352,Eggs,Dairy,34,5.97,202.98
1353,Orange,Bakery,78,4.54,354.12
1354,Chicken,Bakery,68,10.57,718.76
1355,Beef,Meat,52,0.61,31.72
1356,Eggs,Dairy,27,0.65,17.55
1357,Beef,Dairy,29,4.77,138.32999999999998
1358,Beef,Fruits,28,1.22,34.16
1359,Eggs,Meat,35,2.61,91.35
1360,Apple,Fruits,8,7.11,56.88
1361,Milk,Dairy,16,16.15,258.4
1362,Beef,Meat,36,11.65,419.40000000000003
1363,Eggs,Bakery,30,10.5,315.0
1364,Eggs,Meat,18,6.22,111.96
1365,Bread,Bakery,2,18.67,37.34
1366,Apple,Bakery,49,8.24,403.76
1367,Butter,Meat,77,2.2,169.4
1368,Bread,Bakery,4,12.53,50.12
1369,Bread,Fruits,90,2.72,244.8
1370,Cheese,Dairy,89,7.23,643.47
1371,Milk,Bakery,94,10.39,976.6600000000001
1372,Eggs,Fruits,75,17.55,1316.25
1373,Milk,Bakery,7,10.12,70.83999999999999
1374,Orange,Dairy,95,14.19,1348.05
1375,Cheese,Fruits,74,19.86,1469.6399999999999
1376,Butter,Dairy,39,3.06,119.34
1377,Milk,Dairy,13,5.86,76.18
1378,Banana,Fruits,31,8.19,253.89
1379,Beef,Fruits,71,8.73,619.83
1380,Orange,Fruits,63,8.51,536.13
1381,Apple,Meat,56,18.2,1019.1999999999999
1382,Butter,Fruits,42,14.42,605.64
1383,Orange,Fruits,61,12.35,753.35
1384,Beef,Fruits,42,6.53,274.26
1385,Cheese,Fruits,56,16.56,927.3599999999999
1386,Beef,Bakery,36,19.12,688.32
1387,Bread,Meat,84,16.51,1386.8400000000001
1388,Beef,Dairy,68,0.53,36.04
1389,Bread,Fruits,7,12.91,90.37
1390,Cheese,Bakery,54,1.5,81.0
1391,Chicken,Bakery,1,5.52,5.52
1392,Bread,Bakery,44,1.66,73.03999999999999
1393,Apple,Dairy,45,12.27,552.15
1394,Beef,Fruits,47,13.89,652.83
1395,Beef,Meat,13,2.73,35.49
1396,Apple,Meat,22,7.98,175.56
1397,Banana,Bakery,21,9.4,197.4
1398,Eggs,Dairy,86,7.7,662.2
1399,Chicken,Dairy,92,2.86,263.12
1400,Butter,Dairy,9,8.67,78.03
1401,Bread,Meat,26,15.15,393.90000000000003
1402,Apple,Bakery,9,1.88,16.919999999999998
1403,Cheese,Fruits,15,2.06,30.900000000000002
1404,Bread,Meat,10,7.42,74.2
1405,Eggs,Bakery,88,18.86,1659.6799999999998
1406,Cheese,Bakery,42,13.54,568.68
1407,Orange,Fruits,72,13.73,988.5600000000001
1408,Beef,Fruits,24,7.56,181.44
1409,Orange,Fruits,80,12.08,966.4
1410,Bread,Dairy,49,0.7,34.3
1411,Eggs,Fruits,26,12.9,335.40000000000003
1412,Chicken,Bakery,91,18.31,1666.2099999999998
1413,Bread,Fruits,37,12.45,460.65
1414,Apple,Bakery,68,17.54,1192.72
1415,Milk,Meat,50,14.62,731.0
1416,Bread,Dairy,24,2.85,68.4
1417,Beef,Meat,19,18.1,343.90000000000003
1418,Beef,Meat,60,1.8,108.0
1419,Bread,Bakery,39,10.91,425.49
1420,Cheese,Meat,74,3.27,241.98
1421,Milk,Bakery,89,0.73,64.97
1422,Apple,Fruits,18,8.73,157.14000000000001
1423,Bread,Fruits,19,6.25,118.75
1424,Cheese,Bakery,36,9.98,359.28000000000003
1425,Beef,Fruits,74,11.76,870.24
1426,Beef,Dairy,97,1.35,130.95000000000002
1427,Eggs,Meat,55,2.9,159.5
1428,Bread,Dairy,69,11.39,785.9100000000001
1429,Milk,Meat,47,7.19,337.93
1430,Banana,Fruits,49,14.72,721.2800000000001
1431,Milk,Dairy,99,13.22,1308.78
1432,Beef,Fruits,98,16.99,1665.0199999999998
1433,Beef,Meat,33,14.0,462.0
1434,Orange,Bakery,21,8.88,186.48000000000002
1435,Beef,Bakery,81,13.62,1103.22
1436,Apple,Dairy,22,5.87,129.14000000000001
1437,Butter,Fruits,48,6.47,310.56
1438,Bread,Fruits,37,15.89,587.9300000000001
1439,Milk,Dairy,15,9.21,138.15
1440,Butter,Bakery,35,16.07,562.45
1441,Cheese,Meat,92,16.54,1521.6799999999998
1442,Banana,Dairy,71,17.22,1222.62
1443,Apple,Meat,32,18.37,587.84
1444,Milk,Bakery,11,8.9,97.9
1445,Butter,Fruits,10,6.72,67.2
1446,Banana,Bakery,73,11.85,865.05
1447,Orange,Dairy,78,7.74,603.72
1448,Apple,Fruits,77,12.22,940.94
1449,Apple,Dairy,57,14.26,812.8199999999999
1450,Orange,Dairy,25,13.92,348.0
1451,Bread,Bakery,2,7.8,15.6
1452,Orange,Dairy,64,3.75,240.0
1453,Apple,Bakery,35,8.9,311.5
1454,Apple,Fruits,7,3.28,22.959999999999997
1455,Butter,Bakery,85,17.86,1518.1
1456,Beef,Fruits,18,7.24,130.32
1457,Banana,Bakery,67,3.51,235.17
1458,Orange,Meat,42,1.0,42.0
1459,Banana,Meat,39,13.09,510.51
1460,Orange,Dairy,41,12.92,529.72
1461,Cheese,Bakery,75,7.14,535.5
1462,Apple,Bakery,24,1.9,45.599999999999994
1463,Beef,Fruits,60,8.49,509.40000000000003
1464,Butter,Dairy,46,6.57,302.22
1465,Beef,Bakery,19,13.7,260.3
1466,Beef,Dairy,68,12.31,837.08
1467,Beef,Meat,90,7.61,684.9
1468,Banana,Bakery,42,4.75,199.5
1469,Orange,Bakery,32,19.77,632.64
1470,Chicken,Dairy,39,9.35,364.65
1471,Cheese,Bakery,36,13.92,501.12
1472,Milk,Dairy,97,3.24,314.28000000000003
1473,Beef,Bakery,36,9.97,358.92
1474,Bread,Fruits,3,1.04,3.12
1475,Banana,Dairy,73,10.36,756.28
1476,Butter,Bakery,8,19.3,154.4
1477,Milk,Meat,97,7.99,775.03
1478,Chicken,Bakery,70,1.26,88.2
1479,Bread,Meat,41,1.1,45.1
1480,Chicken,Meat,68,8.07,548.76
1481,Milk,Fruits,13,3.62,47.06
1482,Beef,Dairy,49,0.96,47.04
1483,Bread,Bakery,60,15.25,915.0
1484,Chicken,Fruits,2,9.44,18.88
1485,Butter,Bakery,60,6.14,368.4
1486,Orange,Meat,5,18.05,90.25
1487,Apple,Dairy,44,2.76,121.44
1488,Orange,Bakery,27,19.14,516.78
1489,Milk,Bakery,32,6.62,211.84
1490,Banana,Meat,21,17.82,374.22
1491,Apple,Bakery,8,12.26,98.08
1492,Cheese,Bakery,72,16.62,1196.64
1493,Butter,Meat,50,19.69,984.5000000000001
1494,Cheese,Fruits,67,6.12,410.04
1495,Bread,Meat,44,19.24,846.56
1496,Apple,Fruits,58,8.09,469.21999999999997
1497,Cheese,Dairy,3,8.02,24.06
1498,Cheese,Fruits,86,7.14,614.04
1499,Chicken,Fruits,70,11.06,774.2
1500,Orange,Dairy,2,3.51,7.02
1501,Chicken,Fruits,87,11.3,983.1
1502,Apple,Meat,44,11.06,486.64000000000004
1503,Apple,Fruits,2,15.36,30.72
1504,Milk,Dairy,81,16.76,1357.5600000000002
1505,Chicken,Meat,35,9.09,318.15
1506,Eggs,Dairy,98,6.4,627.2
1507,Orange,Dairy,87,5.56,483.71999999999997
1508,Apple,Bakery,30,4.3,129.0
1509,Milk,Bakery,8,1.62,12.96
1510,Chicken,Dairy,22,7.18,157.95999999999998
1511,Orange,Dairy,44,5.77,253.88
1512,Chicken,Dairy,58,19.35,1122.3000000000002
1513,Cheese,Bakery,36,11.38,409.68
1514,Milk,Bakery,69,7.27,501.63
1515,Orange,Fruits,77,11.82,910.14
1516,Beef,Fruits,93,3.21,298.53
1517,Bread,Dairy,31,9.16,283.96
1518,Bread,Meat,47,12.71,597.37
1519,Orange,Meat,55,10.03,551.65
1520,Chicken,Bakery,80,8.33,666.4
1521,Milk,Bakery,62,19.88,1232.56
1522,Bread,Bakery,30,17.67,530.1
1523,Milk,Dairy,55,12.66,696.3
1524,Bread,Meat,16,11.6,185.6
1525,Cheese,Fruits,12,12.6,151.2
1526,Chicken,Dairy,17,4.43,75.31
1527,Cheese,Fruits,16,8.21,131.36
1528,Bread,Fruits,12,1.27,15.24
1529,Beef,Dairy,8,9.77,78.16
1530,Beef,Fruits,84,11.09,931.56
1531,Cheese,Meat,3,4.94,14.82
1532,Beef,Fruits,16,19.3,308.8
1533,Bread,Meat,30,18.23,546.9
1534,Orange,Meat,23,14.58,335.34
1535,Cheese,Meat,92,10.9,1002.8000000000001
1536,Banana,Bakery,5,17.46,87.30000000000001
1537,Chicken,Fruits,84,3.05,256.2
1538,Beef,Dairy,65,15.91,1034.15
1539,Beef,Dairy,30,2.93,87.9
1540,Apple,Fruits,21,15.99,335.79
1541,Eggs,Bakery,84,5.88,493.92
1542,Cheese,Bakery,70,17.6,1232.0
1543,Butter,Meat,22,18.91,416.02
1544,Beef,Fruits,82,3.4,278.8
1545,Chicken,Fruits,72,9.52,685.4399999999999
1546,Banana,Dairy,32,19.63,628.16
1547,Beef,Fruits,33,9.93,327.69
1548,Banana,Bakery,16,17.34,277.44
1549,Bread,Fruits,76,11.98,910.48
1550,Bread,Dairy,38,7.82,297.16
1551,Eggs,Meat,98,6.07,594.86
1552,Orange,Dairy,14,4.46,62.44
1553,Butter,Dairy,36,15.36,552.96
1554,Apple,Meat,97,8.04,779.8799999999999
1555,Eggs,Dairy,23,10.47,240.81
1556,Milk,Dairy,66,10.1,666.6
1557,Apple,Fruits,85,11.76,999.6
1558,Cheese,Fruits,2,17.38,34.76
1559,Chicken,Meat,91,19.62,1785.42
1560,Milk,Fruits,73,8.45,616.8499999999999
1561,Milk,Fruits,65,16.64,1081.6000000000001
1562,Eggs,Dairy,75,15.41,1155.75
1563,Orange,Bakery,67,11.68,782.56
1564,Eggs,Fruits,52,19.14,995.28
1565,Cheese,Bakery,62,4.41,273.42
1566,Beef,Fruits,23,2.63,60.489999999999995
1567,Beef,Fruits,26,17.15,445.9
1568,Orange,Meat,68,9.06,616.08
1569,Cheese,Meat,82,17.02,1395.6399999999999
1570,Orange,Meat,55,17.92,985.6000000000001
1571,Banana,Bakery,6,1.72,10.32
1572,Beef,Dairy,35,17.73,620.5500000000001
1573,Milk,Fruits,22,9.24,203.28
1574,Butter,Fruits,43,10.45,449.34999999999997
1575,Chicken,Fruits,15,12.72,190.8
1576,Cheese,Bakery,86,18.56,1596.1599999999999
1577,Apple,Meat,60,0.87,52.2
1578,Orange,Dairy,12,9.8,117.60000000000001
1579,Chicken,Bakery,49,13.91,681.59
1580,Apple,Meat,42,14.59,612.78
1581,Chicken,Bakery,38,14.0,532.0
1582,Butter,Dairy,82,3.12,255.84
1583,Apple,Meat,45,6.34,285.3
1584,Eggs,Bakery,35,7.49,262.15000000000003
1585,Bread,Dairy,30,16.19,485.70000000000005
1586,Eggs,Fruits,88,5.94,522.72
1587,Beef,Dairy,30,4.61,138.3
1588,Bread,Fruits,78,19.17,1495.2600000000002
1589,Eggs,Bakery,6,0.67,4.0200000000000005
1590,Bread,Meat,67,19.96,1337.3200000000002
1591,Bread,Meat,80,13.7,1096.0
1592,Milk,Bakery,7,16.66,116.62
1593,Orange,Meat,52,6.25,325.0
1594,Orange,Meat,14,0.78,10.92
1595,Milk,Fruits,73,14.89,1086.97
1596,Chicken,Bakery,15,16.77,251.54999999999998
1597,Banana,Dairy,21,14.94,313.74
1598,Chicken,Fruits,35,3.29,115.15
1599,Apple,Bakery,66,15.19,1002.54
1600,Apple,Fruits,91,15.49,1409.59
1601,Bread,Dairy,2,13.34,26.68
1602,Eggs,Dairy,35,15.44,540.4
1603,Eggs,Bakery,82,17.0,1394.0
1604,Orange,Dairy,78,12.47,972.6600000000001
1605,Cheese,Fruits,20,2.23,44.6
1606,Chicken,Dairy,82,10.01,820.8199999999999
1607,Beef,Fruits,10,2.01,20.099999999999998
1608,Butter,Fruits,25,8.45,211.24999999999997
1609,Eggs,Dairy,66,8.44,557.04
1610,Butter,Bakery,25,1.79,44.75
1611,Bread,Meat,54,7.3,394.2
1612,Butter,Dairy,33,2.66,87.78
1613,Beef,Fruits,36,16.26,585.36
1614,Milk,Fruits,95,18.98,1803.1000000000001
1615,Beef,Dairy,14,1.91,26.74
1616,Butter,Bakery,65,19.12,1242.8
1617,Beef,Bakery,80,10.69,855.1999999999999
1618,Banana,Fruits,54,6.34,342.36
1619,Bread,Fruits,52,2.0,104.0
1620,Chicken,Bakery,3,10.26,30.78
1621,Milk,Meat,99,15.99,1583.01
1622,Eggs,Dairy,41,14.29,585.89
1623,Apple,Fruits,6,1.48,8.879999999999999
1624,Chicken,Fruits,25,1.92,48.0
1625,Apple,Bakery,13,8.36,108.67999999999999
1626,Bread,Dairy,98,6.26,613.48
1627,Milk,Bakery,8,5.03,40.24
1628,Orange,Dairy,21,5.98,125.58000000000001
1629,Eggs,Dairy,98,16.17,1584.66
1630,Banana,Dairy,68,18.62,1266.16
1631,Orange,Fruits,25,8.4,210.0
1632,Bread,Meat,79,18.17,1435.43
1633,Chicken,Bakery,68,6.77,460.35999999999996
1634,Banana,Meat,45,9.79,440.54999999999995
1635,Beef,Bakery,60,4.91,294.6
1636,Butter,Dairy,12,12.99,155.88
1637,Banana,Fruits,32,19.59,626.88
1638,Bread,Meat,96,12.27,1177.92
1639,Cheese,Fruits,92,7.48,688.1600000000001
1640,Butter,Bakery,13,13.13,170.69
1641,Apple,Fruits,31,2.9,89.89999999999999
1642,Eggs,Fruits,78,17.83,1390.7399999999998
1643,Apple,Meat,20,10.31,206.20000000000002
1644,Banana,Dairy,18,9.26,166.68
1645,Apple,Fruits,93,11.92,1108.56
1646,Bread,Dairy,60,12.68,760.8
1647,Beef,Bakery,63,1.9,119.69999999999999
1648,Chicken,Fruits,6,13.81,82.86
1649,Eggs,Meat,32,5.22,167.04
1650,Apple,Bakery,93,14.42,1341.06
1651,Apple,Bakery,43,16.54,711.2199999999999
1652,Banana,Meat,2,16.18,32.36
1653,Chicken,Fruits,60,11.27,676.1999999999999
1654,Orange,Fruits,23,10.64,244.72000000000003
1655,Apple,Bakery,83,3.29,273.07
1656,Bread,Fruits,31,15.62,484.21999999999997
1657,Cheese,Dairy,5,5.79,28.95
1658,Eggs,Meat,83,10.19,845.77
1659,Apple,Dairy,34,6.04,205.36
1660,Bread,Fruits,10,3.11,31.099999999999998
1661,Bread,Bakery,89,12.78,1137.4199999999998
1662,Eggs,Meat,2,1.56,3.12
1663,Orange,Fruits,11,15.1,166.1
1664,Bread,Fruits,50,6.69,334.5
1665,Cheese,Bakery,31,0.5,15.5
1666,Bread,Bakery,56,10.47,586.32
1667,Bread,Dairy,79,1.41,111.39
1668,Bread,Meat,73,5.89,429.96999999999997
1669,Beef,Meat,87,14.29,1243.23
1670,Beef,Bakery,83,1.72,142.76
1671,Orange,Dairy,9,16.87,151.83
1672,Apple,Meat,99,0.57,56.42999999999999
1673,Bread,Bakery,21,5.31,111.50999999999999
1674,Chicken,Fruits,73,14.95,1091.35
1675,Apple,Meat,28,6.67,186.76
1676,Orange,Dairy,62,2.49,154.38000000000002
1677,Milk,Dairy,7,7.52,52.64
1678,Apple,Dairy,80,5.77,461.59999999999997
1679,Apple,Fruits,16,16.93,270.88
1680,Butter,Meat,97,6.61,641.1700000000001
1681,Banana,Meat,4,15.88,63.52
1682,Butter,Fruits,4,17.89,71.56
1683,Cheese,Meat,40,8.96,358.40000000000003
1684,Beef,Fruits,17,18.24,310.08
1685,Beef,Fruits,52,7.86,408.72
1686,Banana,Fruits,93,19.3,1794.9
1687,Eggs,Dairy,52,2.24,116.48000000000002
1688,Eggs,Meat,36,13.9,500.40000000000003
1689,Orange,Fruits,38,10.13,384.94000000000005
1690,Banana,Meat,50,8.06,403.0
1691,Apple,Dairy,63,12.84,808.92
1692,Eggs,Fruits,63,14.23,896.49
1693,Bread,Bakery,62,0.59,36.58
1694,Chicken,Dairy,99,3.76,372.23999999999995
1695,Apple,Bakery,7,14.4,100.8
1696,Cheese,Meat,27,13.49,364.23
1697,Bread,Meat,92,19.34,1779.28
1698,Bread,Dairy,86,15.34,1319.24
1699,Banana,Meat,14,19.04,266.56
1700,Orange,Bakery,71,14.2,1008.1999999999999
1701,Cheese,Fruits,86,6.31,542.66
1702,Eggs,Fruits,5,2.55,12.75
1703,Banana,Fruits,55,15.75,866.25
1704,Eggs,Dairy,2,13.06,26.12
1705,Banana,Meat,62,1.44,89.28
1706,Banana,Bakery,91,7.52,684.3199999999999
1707,Banana,Meat,21,19.16,402.36
1708,Orange,Meat,79,10.26,810.54
1709,Banana,Meat,21,8.94,187.73999999999998
1710,Milk,Fruits,10,9.43,94.3
1711,Chicken,Bakery,87,4.57,397.59000000000003
1712,Eggs,Bakery,58,7.69,446.02000000000004
1713,Apple,Meat,39,7.71,300.69
1714,Butter,Fruits,5,1.52,7.6
1715,Cheese,Fruits,65,15.47,1005.5500000000001
1716,Beef,Bakery,13,8.62,112.05999999999999
1717,Orange,Fruits,85,16.53,1405.0500000000002
1718,Apple,Fruits,90,17.08,1537.1999999999998
1719,Bread,Fruits,85,4.63,393.55
1720,Milk,Dairy,53,13.32,705.96
1721,Beef,Meat,82,9.71,796.22
1722,Butter,Bakery,45,17.66,794.7
1723,Apple,Bakery,32,4.71,150.72
1724,Beef,Dairy,36,13.72,493.92
1725,Apple,Meat,81,12.35,1000.35
1726,Milk,Bakery,99,6.26,619.74
1727,Butter,Fruits,60,3.16,189.60000000000002
1728,Bread,Bakery,11,13.21,145.31
1729,Banana,Fruits,63,14.9,938.7
1730,Eggs,Dairy,21,6.65,139.65
1731,Bread,Fruits,52,13.07,679.64
1732,Banana,Bakery,55,8.21,451.55000000000007
1733,Orange,Bakery,26,14.41,374.66
1734,Chicken,Bakery,68,4.38,297.84
1735,Cheese,Dairy,34,17.86,607.24
1736,Cheese,Dairy,52,6.1,317.2
1737,Eggs,Meat,82,7.67,628.9399999999999
1738,Butter,Bakery,99,1.63,161.36999999999998
1739,Milk,Fruits,93,2.67,248.31
1740,Butter,Dairy,52,10.56,549.12
1741,Milk,Bakery,29,5.72,165.88
1742,Butter,Bakery,38,16.79,638.02
1743,Chicken,Dairy,42,0.79,33.18
1744,Orange,Meat,21,7.89,165.69
1745,Orange,Dairy,42,7.08,297.36
1746,Banana,Dairy,13,0.88,11.44
1747,Beef,Fruits,64,2.93,187.52
1748,Orange,Fruits,17,8.57,145.69
1749,Orange,Meat,9,10.11,90.99
1750,Bread,Bakery,41,8.38,343.58000000000004
1751,Bread,Dairy,1,10.85,10.85
1752,Banana,Meat,2,12.11,24.22
1753,Beef,Fruits,60,0.69,41.4
1754,Eggs,Dairy,48,9.55,458.40000000000003
1755,Bread,Bakery,29,19.29,559.41
1756,Eggs,Fruits,97,10.62,1030.1399999999999
1757,Apple,Fruits,10,13.71,137.10000000000002
1758,Bread,Fruits,58,6.58,381.64
1759,Chicken,Meat,60,15.59,935.4
1760,Beef,Bakery,21,15.57,326.97
1761,Banana,Dairy,28,10.67,298.76
1762,Apple,Meat,75,19.53,1464.75
1763,Beef,Meat,34,2.95,100.30000000000001
1764,Chicken,Meat,8,0.83,6.64
1765,Beef,Fruits,59,15.52,915.68
1766,Chicken,Bakery,86,16.24,1396.6399999999999
1767,Chicken,Meat,72,2.84,204.48
1768,Eggs,Dairy,49,5.68,278.32
1769,Butter,Bakery,79,0.84,66.36
1770,Apple,Dairy,17,6.22,105.74
1771,Beef,Bakery,60,15.58,934.8
1772,Milk,Dairy,87,10.6,922.1999999999999
1773,Apple,Fruits,88,7.29,641.52
1774,Butter,Meat,45,7.75,348.75
1775,Apple,Dairy,83,0.53,43.99
1776,Orange,Bakery,69,6.35,438.15
1777,Milk,Meat,32,13.11,419.52
1778,Butter,Meat,44,19.5,858.0
1779,Eggs,Bakery,65,17.02,1106.3
1780,Beef,Dairy,87,0.96,83.52
1781,Cheese,Fruits,8,18.02,144.16
1782,Butter,Fruits,77,15.77,1214.29
1783,Banana,Dairy,72,15.72,1131.8400000000001
1784,Beef,Meat,87,9.43,820.41
1785,Butter,Meat,43,8.26,355.18
1786,Orange,Meat,1,6.41,6.41
1787,Cheese,Meat,51,1.78,90.78
1788,Orange,Dairy,24,4.95,118.80000000000001
1789,Cheese,Meat,99,5.31,525.6899999999999
1790,Banana,Bakery,24,9.94,238.56
1791,Beef,Meat,17,15.08,256.36
1792,Eggs,Fruits,5,9.74,48.7
1793,Orange,Meat,20,1.63,32.599999999999994
1794,Orange,Dairy,21,19.18,402.78
1795,Chicken,Fruits,58,18.88,1095.04
1796,Cheese,Dairy,31,15.81,490.11
1797,Bread,Dairy,11,19.83,218.13
1798,Beef,Fruits,52,11.12,578.24
1799,Cheese,Dairy,15,19.27,289.05
1800,Chicken,Dairy,83,1.97,163.51
1801,Apple,Meat,7,7.63,53.41
1802,Cheese,Bakery,28,4.89,136.92
1803,Eggs,Dairy,51,4.32,220.32000000000002
1804,Beef,Dairy,58,3.25,188.5
1805,Chicken,Dairy,5,12.64,63.2
1806,Apple,Meat,5,15.74,78.7
1807,Milk,Bakery,94,11.78,1107.32
1808,Chicken,Fruits,96,3.37,323.52
1809,Milk,Meat,8,16.32,130.56
1810,Beef,Meat,64,12.9,825.6
1811,Orange,Bakery,10,8.07,80.7
1812,Chicken,Bakery,38,13.65,518.7
1813,Banana,Meat,96,5.57,534.72
1814,Milk,Fruits,92,7.23,665.1600000000001
1815,Eggs,Meat,81,18.39,1489.5900000000001
1816,Banana,Bakery,95,6.16,585.2
1817,Butter,Fruits,8,9.66,77.28
1818,Butter,Bakery,25,17.86,446.5
1819,Apple,Fruits,73,14.3,1043.9
1820,Orange,Dairy,66,1.71,112.86
1821,Beef,Bakery,79,3.37,266.23
1822,Chicken,Bakery,50,0.65,32.5
1823,Bread,Meat,67,12.8,857.6
1824,Eggs,Bakery,49,9.23,452.27000000000004
1825,Milk,Bakery,36,3.12,112.32000000000001
1826,Beef,Dairy,68,19.18,1304.24
1827,Banana,Bakery,78,10.83,844.74
1828,Butter,Dairy,41,5.22,214.01999999999998
1829,Eggs,Dairy,89,10.26,913.14
1830,Bread,Dairy,62,13.75,852.5
1831,Chicken,Dairy,10,1.99,19.9
1832,Apple,Fruits,21,5.86,123.06
1833,Bread,Meat,36,16.24,584.64
1834,Eggs,Fruits,12,9.46,113.52000000000001
1835,Bread,Bakery,91,11.16,1015.5600000000001
1836,Eggs,Fruits,2,8.94,17.88
1837,Eggs,Fruits,13,1.36,17.68
1838,Cheese,Bakery,53,3.73,197.69
1839,Milk,Bakery,32,9.19,294.08
1840,Butter,Bakery,95,4.58,435.1
1841,Cheese,Fruits,16,1.47,23.52
1842,Chicken,Fruits,32,16.95,542.4
1843,Cheese,Bakery,32,19.63,628.16
1844,Orange,Meat,98,15.97,1565.0600000000002
1845,Orange,Meat,11,17.15,188.64999999999998
1846,Butter,Dairy,10,5.22,52.199999999999996
1847,Bread,Bakery,15,19.23,288.45
1848,Milk,Dairy,17,4.34,73.78
1849,Butter,Meat,40,19.05,762.0
1850,Eggs,Dairy,18,19.9,358.2
1851,Banana,Bakery,55,14.38,790.9000000000001
1852,Milk,Bakery,73,19.63,1432.99
1853,Milk,Bakery,25,11.61,290.25
1854,Eggs,Fruits,59,5.56,328.03999999999996
1855,Eggs,Dairy,78,9.02,703.56
1856,Apple,Meat,89,12.07,1074.23
1857,Butter,Meat,22,1.93,42.46
1858,Eggs,Meat,30,12.64,379.20000000000005
1859,Orange,Fruits,84,19.63,1648.9199999999998
1860,Chicken,Fruits,85,4.21,357.85
1861,Banana,Bakery,44,15.96,702.24
1862,Butter,Meat,32,18.2,582.4
1863,Beef,Fruits,51,18.9,963.9
1864,Orange,Bakery,46,19.22,884.1199999999999
1865,Bread,Meat,21,10.67,224.07
1866,Eggs,Dairy,99,19.56,1936.4399999999998
1867,Beef,Bakery,32,15.27,488.64
1868,Eggs,Fruits,94,3.65,343.09999999999997
1869,Milk,Fruits,39,9.8,382.20000000000005
1870,Orange,Bakery,12,14.51,174.12
1871,Milk,Bakery,47,5.32,250.04000000000002
1872,Apple,Fruits,18,12.99,233.82
1873,Milk,Dairy,21,13.5,283.5
1874,Apple,Meat,13,3.67,47.71
1875,Apple,Dairy,21,11.52,241.92
1876,Beef,Bakery,8,15.55,124.4
1877,Eggs,Dairy,46,10.23,470.58000000000004
1878,Bread,Fruits,7,0.74,5.18
1879,Milk,Bakery,23,0.68,15.64
1880,Orange,Meat,96,7.46,716.16
1881,Apple,Fruits,75,18.56,1392.0
1882,Eggs,Fruits,86,4.96,426.56
1883,Banana,Meat,22,12.87,283.14
1884,Butter,Meat,89,4.83,429.87
1885,Beef,Dairy,22,6.77,148.94
1886,Bread,Bakery,92,17.04,1567.6799999999998
1887,Cheese,Meat,29,14.71,426.59000000000003
1888,Beef,Meat,13,2.36,30.68
1889,Banana,Bakery,82,8.86,726.52
1890,Butter,Meat,2,1.07,2.14
1891,Banana,Meat,29,9.88,286.52000000000004
1892,Milk,Dairy,85,13.42,1140.7
1893,Apple,Fruits,79,2.81,221.99
1894,Bread,Fruits,52,6.13,318.76
1895,Chicken,Fruits,27,8.26,223.01999999999998
1896,Apple,Fruits,50,18.43,921.5
1897,Chicken,Meat,95,19.87,1887.65
1898,Butter,Bakery,79,1.38,109.02
1899,Eggs,Bakery,23,15.34,352.82
1900,Cheese,Dairy,88,7.75,682.0
1901,Orange,Dairy,44,8.15,358.6
1902,Apple,Meat,77,15.21,1171.17
1903,Bread,Bakery,22,18.41,405.02
1904,Banana,Bakery,43,19.04,818.7199999999999
1905,Bread,Fruits,37,11.75,434.75
1906,Butter,Meat,61,7.46,455.06
1907,Chicken,Meat,97,15.86,1538.4199999999998
1908,Banana,Fruits,56,5.39,301.84
1909,Orange,Meat,3,11.5,34.5
1910,Orange,Meat,63,7.49,471.87
1911,Apple,Dairy,19,13.3,252.70000000000002
1912,Butter,Bakery,23,5.19,119.37
1913,Eggs,Meat,29,4.24,122.96000000000001
1914,Butter,Dairy,30,18.41,552.3
1915,Chicken,Bakery,39,2.49,97.11000000000001
1916,Bread,Fruits,25,10.37,259.25
1917,Orange,Dairy,8,4.81,38.48
1918,Bread,Dairy,58,1.26,73.08
1919,Bread,Bakery,16,1.2,19.2
1920,Bread,Fruits,72,3.92,282.24
1921,Orange,Dairy,1,17.4,17.4
1922,Beef,Meat,5,6.01,30.049999999999997
1923,Milk,Meat,3,19.03,57.09
1924,Chicken,Meat,65,11.84,769.6
1925,Beef,Fruits,4,9.01,36.04
1926,Chicken,Dairy,99,11.81,1169.19
1927,Banana,Meat,96,10.58,1015.6800000000001
1928,Butter,Fruits,64,15.3,979.2
1929,Butter,Meat,98,6.01,588.98
1930,Cheese,Bakery,89,7.38,656.8199999999999
1931,Butter,Dairy,10,17.93,179.3
1932,Orange,Dairy,21,18.96,398.16
1933,Eggs,Fruits,46,17.9,823.4
1934,Apple,Fruits,91,8.68,789.88
1935,Cheese,Dairy,27,15.72,424.44
1936,Apple,Meat,66,9.79,646.14
1937,Chicken,Meat,41,10.2,418.2
1938,Apple,Bakery,13,4.49,58.370000000000005
1939,Apple,Meat,9,12.03,108.27
1940,Cheese,Fruits,36,4.13,148.68
1941,Banana,Fruits,86,6.97,599.42
1942,Bread,Meat,90,17.17,1545.3000000000002
1943,Butter,Fruits,58,4.54,263.32
1944,Butter,Dairy,54,1.89,102.05999999999999
1945,Orange,Dairy,12,1.85,22.200000000000003
1946,Cheese,Meat,81,18.85,1526.8500000000001
1947,Orange,Dairy,78,10.38,809.6400000000001
1948,Eggs,Dairy,14,8.48,118.72
1949,Eggs,Bakery,34,16.31,554.54
1950,Orange,Bakery,53,16.8,890.4000000000001
1951,Cheese,Dairy,20,6.98,139.60000000000002
1952,Orange,Meat,75,14.03,1052.25
1953,Butter,Bakery,16,15.54,248.64
1954,Beef,Fruits,95,13.27,1260.6499999999999
1955,Milk,Fruits,70,3.46,242.2
1956,Apple,Fruits,56,17.58,984.4799999999999
1957,Milk,Meat,83,11.01,913.8299999999999
1958,Cheese,Dairy,58,6.01,348.58
1959,Milk,Fruits,4,8.79,35.16
1960,Eggs,Meat,4,1.23,4.92
1961,Chicken,Bakery,20,2.99,59.800000000000004
1962,Apple,Dairy,10,15.43,154.3
1963,Bread,Bakery,24,0.5,12.0
1964,Cheese,Meat,99,8.62,853.3799999999999
1965,Apple,Fruits,26,10.69,277.94
1966,Milk,Fruits,37,1.57,58.09
1967,Eggs,Meat,85,19.48,1655.8
1968,Banana,Fruits,54,4.91,265.14
1969,Beef,Dairy,21,6.43,135.03
1970,Bread,Meat,74,6.43,475.82
1971,Beef,Bakery,38,4.99,189.62
1972,Apple,Meat,46,0.53,24.380000000000003
1973,Eggs,Dairy,4,14.72,58.88
1974,Eggs,Dairy,60,19.35,1161.0
1975,Milk,Meat,57,4.87,277.59000000000003
1976,Butter,Meat,45,13.43,604.35
1977,Milk,Fruits,20,14.97,299.40000000000003
1978,Butter,Dairy,17,17.04,289.68
1979,Butter,Meat,71,8.74,620.54
1980,Bread,Meat,4,6.41,25.64
1981,Milk,Dairy,93,6.84,636.12
1982,Banana,Meat,14,14.4,201.6
1983,Orange,Fruits,3,16.43,49.29
1984,Orange,Dairy,88,4.04,355.52
1985,Milk,Fruits,80,7.73,618.4000000000001
1986,Milk,Fruits,58,18.09,1049.22
1987,Beef,Fruits,55,16.23,892.65
1988,Bread,Fruits,4,19.7,78.8
1989,Milk,Dairy,24,15.21,365.04
1990,Beef,Fruits,34,8.17,277.78
1991,Butter,Fruits,30,12.02,360.59999999999997
1992,Eggs,Meat,82,13.39,1097.98
1993,Eggs,Dairy,19,2.03,38.56999999999999
1994,Butter,Dairy,31,11.12,344.71999999999997
1995,Cheese,Bakery,60,14.33,859.8
1996,Beef,Dairy,60,3.76,225.6
1997,Beef,Dairy,19,15.72,298.68
1998,Butter,Bakery,49,11.88,582.12
1999,Banana,Dairy,63,19.07,1201.41
2000,Chicken,Dairy,83,1.33,110.39
